{"cameraMode":{"drawMode":0,"name":"Shaded","section":"Shading Mode"},"sceneLighting":false,"audioPlay":false,"sceneViewState":{"showFog":true,"showMaterialUpdate":false,"showSkybox":false,"showFlares":true,"showImageEffects":true,"showParticleSystems":true},"in2DMode":false,"pivot":{"x":0.3520209491252899,"y":0.6684964895248413,"z":-0.4573584794998169},"rotation":{"x":0.0713726058602333,"y":0.36945128440856936,"z":-0.028224894776940347,"w":0.9263098239898682},"size":1.4289418458938599,"orthographic":false}