{"cameraMode":{"drawMode":0,"name":"Shaded","section":"Shading Mode"},"sceneLighting":false,"audioPlay":false,"sceneViewState":{"showFog":true,"showMaterialUpdate":false,"showSkybox":false,"showFlares":true,"showImageEffects":true,"showParticleSystems":true},"in2DMode":false,"pivot":{"x":0.0,"y":9.999557495117188,"z":-0.01752500981092453},"rotation":{"x":0.18818357586860658,"y":0.017424853518605233,"z":-0.0031360734719783069,"w":0.9821333289146423},"size":28.44310760498047,"orthographic":false}