{"cameraMode":{"drawMode":0,"name":"Shaded","section":"Shading Mode"},"sceneLighting":true,"audioPlay":false,"sceneViewState":{"showFog":true,"showMaterialUpdate":false,"showSkybox":true,"showFlares":true,"showImageEffects":true,"showParticleSystems":true},"in2DMode":false,"pivot":{"x":0.31186285614967348,"y":1.6371259689331055,"z":-0.23507393896579743},"rotation":{"x":0.021733585745096208,"y":0.9782135486602783,"z":-0.1511560082435608,"w":0.1406460553407669},"size":4.775569438934326,"orthographic":false}