{"cameraMode":{"drawMode":0,"name":"Shaded","section":"Shading Mode"},"sceneLighting":false,"audioPlay":false,"sceneViewState":{"showFog":true,"showMaterialUpdate":false,"showSkybox":false,"showFlares":true,"showImageEffects":true,"showParticleSystems":true},"in2DMode":false,"pivot":{"x":1.6722667217254639,"y":3.2648184299468996,"z":-11.300662994384766},"rotation":{"x":-0.11059197038412094,"y":0.7668042182922363,"z":-0.13740485906600953,"w":-0.6171725988388062},"size":2.8578836917877199,"orthographic":false}