{"cameraMode":{"drawMode":0,"name":"Shaded","section":"Shading Mode"},"sceneLighting":false,"audioPlay":false,"sceneViewState":{"showFog":true,"showMaterialUpdate":false,"showSkybox":false,"showFlares":true,"showImageEffects":true,"showParticleSystems":true},"in2DMode":false,"pivot":{"x":-0.02200986072421074,"y":0.307194322347641,"z":0.09953923523426056},"rotation":{"x":-0.11208862066268921,"y":0.7327700853347778,"z":-0.124496228992939,"w":-0.6595751047134399},"size":0.5172606110572815,"orthographic":false}